{"_wandb":{"runtime":237},"trainer/global_step":71,"_timestamp":1.7283137933842807e+09,"_runtime":232.051515401,"_step":77,"train/loss_step":25.706504239139143,"epoch":0,"val/loss_step":22.935358389180806}